email,first_name,password,security_question_id,security_answer
jennifer39@yahoo.com , jennifer , rS;k|9Y1 ,1,Rex
Margaret37@outlook.com , Margaret , (6NI9Mlx ,3,Sydney
Fatima73@msn.com , Fatima , :<O6Xr(1 ,2,Brookfield State School
Lisa76@rediffmail.com , Lisa ," 9E""B^paD ",1,Milo
Elif7@live.com , Elif , a[#u9|5} ,5,Thompson
Lisa80@outlook.com , Lisa , ;Oo&aDTN ,1,Rex
Emily17@comcast.net , Emily , j+X@amzO ,1,Luna
Michael85@hotmail.com , Michael , nsB_O({- ,2,Greenfield Primary
Zane94@comcast.net , Zane , Qe5iMhz| ,5,Anderson
jennifer89@aol.com , jennifer , \=vg'MNU ,5,Wong
Lisa54@comcast.net , Lisa , **g|KHUk ,5,Thompson
jennifer16@outlook.com , jennifer , Rn}NFy`+ ,2,Sunnybank Primary
david41@msn.com , david , 83=_92tM ,5,Nguyen
Chenguang6@icloud.com , Chenguang , -6R{SM0[ ,1,Bella
Jennifer21@msn.com , Jennifer , $zet1@BJ ,4,Brown
Adira41@live.com , Adira , 4)XDe$:v ,3,Sydney
Emeka62@gmail.com , Emeka , 1dipAf3: ,2,Hillcrest Primary
Kenneth48@comcast.net , Kenneth , rm~Et52p ,1,Milo
Dalia65@msn.com , Dalia , =xiBu$ea ,4,Smith
Xiomara20@aol.com , Xiomara , r*0z\KIS ,3,Melbourne
patricia81@outlook.com , patricia , ?mX0Ni_2 ,5,Nguyen
Elif51@comcast.net , Elif , l[e.PEto ,1,Max
patricia77@outlook.com , patricia , `KvW!M)t ,5,Anderson
david69@comcast.net , david , {o`AIHLv ,4,Smith
Zane94@hotmail.com , Zane , Eg+R['ua ,5,Nguyen
Edward96@icloud.com , Edward , ux{s/v'i ,5,Campbell
Duha41@rediffmail.com , Duha , =Y$o58c{ ,3,Adelaide
Stephanie34@aol.com , Stephanie , $'Nm&hGx ,2,Riverside Primary
Oluchi65@icloud.com , Oluchi , ??]Ct'JS ,1,Luna
Wafaa56@msn.com , Wafaa , %$lH~:Ua ,3,Brisbane
Makena6@msn.com , Makena , |fqF[++u ,2,Riverside Primary
Emily17@hotmail.com , Emily , kR]~u%c& ,4,Brown
Ashley33@gmail.com , Ashley ," :]""k2MFL ",4,Martin
Xiomara53@hotmail.com , Xiomara , kU:+PHZS ,3,Sydney
John89@outlook.com , John , 4/D%O;S( ,3,Melbourne
jennifer16@aol.com , jennifer , Grk.W~s/ ,2,Hillcrest Primary
Joseph72@gmail.com , Joseph , X\gBR4Pi ,1,Bella
Makena53@outlook.com , Makena , /;Wu<AL1 ,5,Patel
charles60@msn.com , charles , dvjh'`GR ,2,Brookfield State School
Andrew47@comcast.net , Andrew , ^04)MLa] ,4,Taylor
Emily77@aol.com , Emily , x1uR5K?J ,3,Hobart
Wafaa69@outlook.com , Wafaa , zi|G4]dp ,5,Wong
Duha61@yahoo.com , Duha , {?eCADfD ,3,Brisbane
Barbara16@hotmail.com , Barbara , Xt*]U.mz ,2,Riverside Primary
Susan86@yahoo.com , Susan , @:z:`~z0 ,3,Perth
Thomas98@gmail.com , Thomas , #EnqyM;C ,3,Brisbane
sarah11@comcast.net , sarah , \]@fR*Nh ,2,Greenfield Primary
Xiaoli74@msn.com , Xiaoli , z2_dStaL ,3,Sydney
Kaya22@gmail.com , Kaya , f(B8S-Bi ,4,Taylor
William65@rediffmail.com , William , &AIuOTkt ,4,Johnson
